Feature,Coefficient
const,0.9822493579181992
diff_NetRtg,0.8120452415718463
diff_ORtg,0.6791528463002793
diff_DRtg,-0.5403679955512044
diff_AdjT,-0.034721771549515744
diff_Luck,0.5237546106133956
diff_Strength_of_Schedule_NetRtg,0.20932688304361893
diff_NCSOS_NetRtg,0.04501896836016614
